               epoch,      train/box_loss,      train/obj_loss,      train/cls_loss,   metrics/precision,      metrics/recall,     metrics/mAP_0.5,metrics/mAP_0.5:0.95,        val/box_loss,        val/obj_loss,        val/cls_loss,               x/lr0,               x/lr1,               x/lr2
                   0,            0.093261,            0.085927,            0.053608,             0.60892,             0.19616,             0.19477,             0.07726,            0.075247,            0.085245,             0.03755,           0.0033266,           0.0033266,             0.07006
                   1,            0.078587,             0.08264,            0.033405,             0.63633,             0.38382,             0.39914,             0.17388,            0.068483,            0.081142,             0.02568,            0.006594,            0.006594,            0.039994
                   2,            0.074611,            0.081406,             0.02542,             0.67207,             0.47547,              0.5006,             0.22141,            0.067194,            0.082471,            0.021055,           0.0097954,           0.0097954,           0.0098625
                   3,            0.070856,            0.080037,            0.021478,             0.68508,             0.53938,             0.56975,             0.26826,             0.06434,            0.078134,            0.018357,            0.009703,            0.009703,            0.009703
                   4,            0.068996,            0.078603,            0.019603,             0.72251,             0.55889,             0.60584,             0.28754,            0.063155,            0.076578,            0.017091,            0.009703,            0.009703,            0.009703
                   5,            0.067555,            0.077637,            0.018464,             0.73636,              0.5696,             0.61634,             0.29574,            0.062392,            0.075956,            0.016376,            0.009604,            0.009604,            0.009604
                   6,            0.066484,            0.076449,            0.017782,             0.74302,             0.60558,             0.65106,             0.32294,            0.061396,            0.074626,            0.015799,            0.009505,            0.009505,            0.009505
                   7,            0.065581,            0.075113,            0.017206,             0.74042,             0.62867,             0.67224,             0.33472,             0.06072,            0.074002,              0.0153,            0.009406,            0.009406,            0.009406
                   8,            0.065035,             0.07465,            0.016709,             0.76483,             0.63312,             0.68086,             0.34225,            0.060329,            0.073712,            0.015097,            0.009307,            0.009307,            0.009307
                   9,             0.06473,            0.075091,             0.01657,             0.76312,             0.63501,             0.68437,             0.34458,            0.060135,            0.072752,            0.014823,            0.009208,            0.009208,            0.009208
                  10,            0.064109,            0.073917,            0.016156,             0.77496,              0.6382,             0.69026,             0.35378,            0.059576,            0.072669,            0.014621,            0.009109,            0.009109,            0.009109
                  11,            0.063804,            0.073567,            0.015907,             0.76611,             0.64969,             0.69943,             0.35568,            0.059428,            0.072396,            0.014419,             0.00901,             0.00901,             0.00901
                  12,            0.063509,            0.072922,            0.015733,             0.76771,             0.66146,             0.70609,             0.36434,            0.058993,             0.07173,            0.014254,            0.008911,            0.008911,            0.008911
                  13,              0.0632,            0.072708,            0.015591,             0.77073,             0.66368,             0.71179,             0.36432,            0.058897,            0.071734,            0.014148,            0.008812,            0.008812,            0.008812
                  13,            0.063199,            0.072721,             0.01559,             0.77542,             0.66487,             0.71398,             0.36721,            0.058801,            0.071502,            0.014131,            0.008812,            0.008812,            0.008812
                  14,            0.062814,            0.071801,             0.01548,             0.79517,             0.66561,              0.7226,             0.37456,             0.05856,             0.07097,            0.013957,            0.008713,            0.008713,            0.008713
                  14,            0.062826,            0.071838,            0.015483,             0.78736,             0.66571,              0.7197,              0.3726,            0.058809,            0.071083,            0.014012,            0.008713,            0.008713,            0.008713
                  15,            0.062687,            0.072265,            0.015279,             0.79079,             0.68636,             0.73529,             0.38241,            0.058252,            0.071042,             0.01375,            0.008614,            0.008614,            0.008614
                  15,            0.062667,            0.072258,            0.015268,             0.78665,             0.69501,             0.73237,             0.38077,            0.058261,            0.070896,            0.013804,            0.008614,            0.008614,            0.008614
                  16,             0.06215,            0.071331,            0.015111,             0.79919,             0.68305,             0.73915,             0.38735,            0.058056,            0.070482,            0.013808,            0.008515,            0.008515,            0.008515
                  16,             0.06218,            0.071385,            0.015132,             0.80246,             0.68325,             0.73407,             0.38495,            0.058078,            0.070478,            0.013858,            0.008515,            0.008515,            0.008515
                  17,            0.062382,             0.07144,            0.015029,              0.7928,             0.69638,             0.74278,             0.38999,            0.057948,             0.07013,            0.013711,            0.008416,            0.008416,            0.008416
                  17,            0.062364,            0.071448,            0.015039,             0.80017,             0.68774,             0.74041,             0.39047,            0.057905,            0.070029,            0.013727,            0.008416,            0.008416,            0.008416
                  18,            0.061932,            0.071277,            0.014828,             0.79458,             0.69454,              0.7424,             0.39504,            0.057783,            0.070229,            0.013593,            0.008317,            0.008317,            0.008317
                  18,            0.061949,            0.071292,            0.014824,              0.7916,             0.70193,             0.74541,             0.39481,            0.057694,            0.069913,            0.013625,            0.008317,            0.008317,            0.008317
                  19,            0.061769,            0.070877,            0.014817,             0.80136,             0.70024,             0.74729,             0.40005,            0.057541,            0.069705,            0.013467,            0.008218,            0.008218,            0.008218
                  19,            0.061754,            0.070848,            0.014836,              0.8056,             0.70719,             0.74941,             0.39963,            0.057548,            0.069513,            0.013511,            0.008218,            0.008218,            0.008218
                  20,            0.061436,            0.070058,            0.014682,             0.80558,             0.69105,              0.7486,             0.40043,            0.057266,            0.069387,            0.013465,            0.008119,            0.008119,            0.008119
                  20,             0.06143,            0.070043,             0.01469,             0.80168,             0.69711,             0.74867,             0.40033,            0.057332,            0.069381,            0.013506,            0.008119,            0.008119,            0.008119
                  21,            0.061209,            0.069976,            0.014498,             0.80345,              0.7054,             0.75631,              0.4039,            0.057212,            0.069217,            0.013343,             0.00802,             0.00802,             0.00802
                  21,            0.061227,            0.070059,            0.014515,             0.80854,              0.7062,             0.75361,             0.40285,            0.057257,            0.069557,            0.013438,             0.00802,             0.00802,             0.00802
                  22,            0.061201,            0.070589,            0.014562,             0.81055,             0.70337,              0.7559,             0.40515,            0.057055,            0.068971,            0.013319,            0.007921,            0.007921,            0.007921
                  22,            0.061208,            0.070558,            0.014589,             0.81525,             0.70023,             0.75426,             0.40565,            0.057026,            0.068874,            0.013278,            0.007921,            0.007921,            0.007921
                  23,            0.060948,            0.069792,            0.014382,              0.8112,             0.70918,             0.75756,              0.4094,            0.056992,            0.068999,            0.013254,            0.007822,            0.007822,            0.007822
                  23,            0.060949,            0.069787,            0.014403,             0.81571,             0.71305,             0.76248,             0.40956,            0.056925,            0.068811,            0.013271,            0.007822,            0.007822,            0.007822
                  24,            0.060832,            0.069615,            0.014309,             0.80659,             0.71021,             0.75811,             0.40766,            0.056875,            0.068875,            0.013203,            0.007723,            0.007723,            0.007723
                  24,            0.060859,             0.06963,            0.014304,              0.8011,             0.71578,              0.7588,             0.40899,            0.056832,             0.06897,            0.013181,            0.007723,            0.007723,            0.007723
                  25,            0.060748,            0.069159,            0.014233,             0.80699,             0.70906,              0.7608,             0.41033,            0.056789,            0.068853,            0.013229,            0.007624,            0.007624,            0.007624
                  25,            0.060746,            0.069153,            0.014244,             0.81084,             0.71803,             0.76514,             0.41434,             0.05668,            0.068704,            0.013164,            0.007624,            0.007624,            0.007624
                  26,            0.060936,            0.069913,            0.014393,              0.8115,             0.72146,             0.76601,             0.41515,            0.056649,            0.068356,            0.013115,            0.007525,            0.007525,            0.007525
                  26,            0.060963,            0.069916,            0.014392,             0.81292,             0.71742,             0.76666,             0.41687,            0.056616,            0.068455,            0.013064,            0.007525,            0.007525,            0.007525
                  27,            0.060758,            0.069834,            0.014359,              0.8112,             0.72084,             0.77018,             0.41961,            0.056475,            0.068401,             0.01305,            0.007426,            0.007426,            0.007426
                  27,            0.060784,            0.069834,            0.014367,               0.814,             0.72164,             0.77126,             0.42089,            0.056453,            0.068346,            0.013031,            0.007426,            0.007426,            0.007426
                  28,            0.060739,            0.069139,            0.014327,             0.81453,             0.72338,             0.77268,             0.42357,            0.056317,            0.068145,            0.012965,            0.007327,            0.007327,            0.007327
                  28,            0.060747,             0.06916,            0.014324,             0.80734,             0.72847,             0.77073,             0.42119,            0.056244,             0.06809,            0.012927,            0.007327,            0.007327,            0.007327
                  29,            0.060634,            0.069735,            0.014202,             0.82348,             0.72692,             0.77758,             0.42548,            0.056187,            0.067739,            0.012914,            0.007228,            0.007228,            0.007228
                  29,            0.060609,            0.069764,            0.014213,             0.81865,             0.71879,             0.77314,             0.42408,            0.056167,            0.067733,            0.012924,            0.007228,            0.007228,            0.007228
                  30,              0.0605,            0.069882,            0.014163,             0.81461,             0.72939,             0.77712,             0.42618,            0.056036,            0.067703,              0.0129,            0.007129,            0.007129,            0.007129
                  30,            0.060509,            0.069869,            0.014189,             0.81757,             0.73385,             0.78092,             0.42739,            0.056001,            0.067617,            0.012878,            0.007129,            0.007129,            0.007129
                  31,            0.060249,             0.06929,             0.01405,             0.81693,             0.73431,             0.78054,             0.42931,            0.055923,            0.067675,            0.012827,             0.00703,             0.00703,             0.00703
                  31,            0.060252,            0.069334,            0.014052,             0.81375,             0.73248,             0.77974,             0.42718,            0.055944,             0.06785,            0.012811,             0.00703,             0.00703,             0.00703
                  32,            0.059905,            0.068378,            0.013947,             0.82127,             0.73974,             0.78365,             0.43085,            0.055867,            0.067526,            0.012802,            0.006931,            0.006931,            0.006931
                  32,            0.060054,            0.068843,            0.014054,             0.82144,             0.73201,             0.78446,             0.43266,            0.055783,            0.067531,            0.012759,            0.006931,            0.006931,            0.006931
                  33,            0.059942,            0.068753,             0.01402,             0.81837,             0.73662,             0.78485,             0.43274,            0.055725,            0.067473,            0.012697,            0.006832,            0.006832,            0.006832
                  33,            0.059741,            0.067676,            0.013933,             0.82337,             0.74042,             0.78238,             0.43215,            0.055785,            0.067501,            0.012777,            0.006832,            0.006832,            0.006832
                  34,             0.05984,            0.068986,            0.013936,              0.8276,             0.73752,             0.78689,              0.4348,            0.055624,            0.067346,            0.012696,            0.006733,            0.006733,            0.006733
                  34,            0.059734,            0.068333,            0.013847,             0.82166,             0.74192,              0.7843,             0.43484,            0.055722,            0.067475,            0.012762,            0.006733,            0.006733,            0.006733
                  35,            0.059841,            0.068464,            0.013902,             0.82431,             0.74072,             0.78881,             0.43627,            0.055519,            0.067339,            0.012662,            0.006634,            0.006634,            0.006634
                  35,              0.0594,            0.067723,            0.013808,              0.8171,             0.74179,              0.7864,             0.43727,            0.055608,            0.067113,            0.012728,            0.006634,            0.006634,            0.006634
                  36,            0.059689,            0.068601,            0.013862,             0.82464,             0.74217,              0.7913,             0.43839,            0.055501,             0.06738,            0.012663,            0.006535,            0.006535,            0.006535
                  36,            0.059725,            0.067988,            0.013788,             0.82703,              0.7447,             0.79097,             0.43899,            0.055511,            0.067025,            0.012707,            0.006535,            0.006535,            0.006535
                  37,            0.059658,            0.068738,            0.013827,             0.82326,             0.74699,             0.79267,             0.43856,            0.055391,            0.067071,            0.012639,            0.006436,            0.006436,            0.006436
                  37,            0.059434,            0.067944,             0.01368,             0.82344,             0.74231,              0.7907,             0.44052,            0.055468,            0.067152,            0.012651,            0.006436,            0.006436,            0.006436
                  38,            0.059426,            0.068169,            0.013772,             0.82286,             0.74773,             0.79325,              0.4406,            0.055326,            0.067054,            0.012601,            0.006337,            0.006337,            0.006337
                  38,            0.059358,            0.067568,             0.01369,             0.82625,             0.74957,             0.79425,             0.44262,             0.05543,            0.067098,            0.012668,            0.006337,            0.006337,            0.006337
                  39,            0.059464,            0.068625,            0.013757,             0.82288,              0.7453,             0.79266,             0.44148,            0.055267,            0.066871,            0.012582,            0.006238,            0.006238,            0.006238
                  39,            0.059105,            0.066995,            0.013629,             0.82112,             0.74902,             0.79504,              0.4421,             0.05538,              0.0669,            0.012642,            0.006238,            0.006238,            0.006238
                  40,            0.059335,            0.067302,            0.013683,              0.8254,             0.74945,             0.79525,             0.44439,            0.055195,            0.066839,            0.012557,            0.006139,            0.006139,            0.006139
                  40,            0.058978,            0.066961,            0.013509,             0.82545,             0.74646,             0.79478,             0.44485,            0.055279,            0.066846,             0.01259,            0.006139,            0.006139,            0.006139
                  41,            0.059302,            0.067623,            0.013698,             0.82596,             0.75162,             0.79675,             0.44557,            0.055064,            0.066721,            0.012526,             0.00604,             0.00604,             0.00604
                  41,            0.059031,            0.067659,            0.013601,             0.82787,             0.74719,             0.79498,             0.44453,             0.05519,            0.066774,            0.012584,             0.00604,             0.00604,             0.00604
                  42,            0.059257,            0.068089,            0.013698,             0.83057,             0.75098,             0.79835,             0.44638,            0.055017,            0.066637,            0.012492,            0.005941,            0.005941,            0.005941
                  42,            0.058822,            0.066915,            0.013456,             0.82805,             0.74774,              0.7955,             0.44602,            0.055178,            0.066768,            0.012581,            0.005941,            0.005941,            0.005941
                  43,               0.059,            0.067249,            0.013592,             0.82887,             0.75415,             0.79935,             0.44777,               0.055,            0.066544,            0.012473,            0.005842,            0.005842,            0.005842
                  43,            0.058775,            0.066791,            0.013417,             0.82508,             0.75324,             0.79748,             0.44585,             0.05515,            0.066733,            0.012555,            0.005842,            0.005842,            0.005842
                  44,            0.059043,            0.067385,            0.013552,             0.82306,             0.75638,             0.79861,             0.44929,            0.054917,            0.066499,            0.012467,            0.005743,            0.005743,            0.005743
                  44,            0.058763,            0.066376,            0.013366,             0.82514,             0.75248,             0.79893,             0.44783,            0.055075,            0.066606,            0.012546,            0.005743,            0.005743,            0.005743
                  45,            0.058969,            0.068027,            0.013542,             0.83134,             0.75715,             0.80368,             0.45198,             0.05489,            0.066477,            0.012462,            0.005644,            0.005644,            0.005644
                  45,            0.058795,            0.066646,            0.013436,             0.82385,             0.75693,             0.79992,             0.44924,            0.055004,            0.066527,            0.012526,            0.005644,            0.005644,            0.005644
                  46,            0.058981,             0.06714,            0.013563,             0.83284,             0.75782,             0.80534,             0.45243,            0.054826,            0.066428,             0.01246,            0.005545,            0.005545,            0.005545
                  46,            0.058644,            0.066717,             0.01343,             0.83139,             0.75355,               0.801,              0.4493,            0.054943,            0.066548,            0.012509,            0.005545,            0.005545,            0.005545
                  47,            0.058759,            0.067241,            0.013391,              0.8346,             0.75962,             0.80437,             0.45276,            0.054779,            0.066375,            0.012438,            0.005446,            0.005446,            0.005446
                  47,            0.058656,            0.066039,             0.01343,             0.83201,             0.75464,             0.80144,             0.45032,            0.054895,            0.066473,            0.012499,            0.005446,            0.005446,            0.005446
                  48,             0.05867,            0.067375,            0.013419,             0.83346,             0.76441,             0.80665,             0.45406,             0.05473,             0.06632,            0.012416,            0.005347,            0.005347,            0.005347
                  48,            0.058616,            0.066777,             0.01333,              0.8287,             0.76053,             0.80217,             0.45135,            0.054838,            0.066392,            0.012482,            0.005347,            0.005347,            0.005347
                  49,            0.058602,            0.067433,            0.013409,             0.83671,             0.76537,              0.8086,             0.45554,            0.054685,             0.06623,            0.012408,            0.005248,            0.005248,            0.005248
                  49,            0.058532,            0.066841,            0.013337,             0.82657,             0.76342,             0.80373,             0.45313,              0.0548,            0.066265,            0.012471,            0.005248,            0.005248,            0.005248
                  50,            0.058336,            0.066428,            0.013299,             0.83359,             0.76334,             0.80756,             0.45635,            0.054639,            0.066094,            0.012394,            0.005149,            0.005149,            0.005149
                  50,            0.058312,             0.06639,            0.013246,             0.83013,             0.76465,              0.8049,             0.45364,            0.054741,            0.066242,            0.012446,            0.005149,            0.005149,            0.005149
                  51,            0.058468,            0.066713,              0.0133,             0.83778,             0.76345,             0.80777,             0.45778,            0.054601,            0.066009,            0.012385,             0.00505,             0.00505,             0.00505
                  51,            0.058534,            0.066884,             0.01345,             0.82955,             0.76576,              0.8063,             0.45522,            0.054682,            0.066192,            0.012415,             0.00505,             0.00505,             0.00505
                  52,            0.058469,            0.066598,            0.013368,             0.83811,             0.76614,             0.80918,             0.45717,            0.054554,            0.065992,            0.012367,            0.004951,            0.004951,            0.004951
                  52,            0.058404,            0.066731,            0.013403,             0.83496,             0.76457,             0.80755,             0.45573,            0.054626,            0.066152,            0.012397,            0.004951,            0.004951,            0.004951
                  53,            0.058261,             0.06614,            0.013263,             0.83933,             0.76419,             0.80974,             0.45813,            0.054512,             0.06594,            0.012347,            0.004852,            0.004852,            0.004852
                  53,            0.058336,            0.066976,            0.013324,             0.83137,             0.76755,              0.8069,             0.45743,            0.054573,            0.066091,            0.012379,            0.004852,            0.004852,            0.004852
                  54,            0.058156,            0.066066,            0.013259,             0.83739,             0.76774,              0.8114,              0.4593,            0.054483,            0.065955,            0.012332,            0.004753,            0.004753,            0.004753
                  54,            0.058303,            0.066395,            0.013301,             0.83177,             0.76735,             0.80699,             0.45753,            0.054532,            0.066053,            0.012363,            0.004753,            0.004753,            0.004753
                  55,            0.057995,            0.066513,            0.013184,             0.83929,             0.76797,             0.81179,             0.45908,            0.054442,            0.065943,             0.01231,            0.004654,            0.004654,            0.004654
                  55,            0.058184,            0.066569,            0.013291,             0.83265,             0.76691,             0.80741,             0.45729,            0.054504,            0.066042,            0.012349,            0.004654,            0.004654,            0.004654
                  56,            0.058006,            0.066335,            0.013183,             0.84225,             0.76736,             0.81272,              0.4603,             0.05441,            0.065958,            0.012293,            0.004555,            0.004555,            0.004555
                  56,            0.058211,            0.066751,            0.013271,             0.83198,             0.76726,             0.80791,             0.45775,            0.054479,            0.066024,            0.012339,            0.004555,            0.004555,            0.004555
                  57,            0.057914,             0.06612,            0.013166,             0.84367,             0.76583,             0.81265,             0.46111,            0.054379,            0.065904,            0.012282,            0.004456,            0.004456,            0.004456
                  57,            0.057927,            0.066172,            0.013206,              0.8344,             0.76737,             0.80873,             0.45842,            0.054456,            0.066003,            0.012328,            0.004456,            0.004456,            0.004456
                  58,            0.057877,            0.065787,            0.013159,             0.84365,             0.76643,             0.81311,             0.46175,            0.054355,            0.065868,            0.012269,            0.004357,            0.004357,            0.004357
                  58,            0.057981,             0.06663,            0.013186,             0.83592,             0.76807,              0.8089,             0.45924,             0.05443,            0.065982,            0.012315,            0.004357,            0.004357,            0.004357
                  59,            0.057802,            0.066195,            0.013083,             0.84355,             0.76686,             0.81325,             0.46251,            0.054326,            0.065853,             0.01226,            0.004258,            0.004258,            0.004258
                  59,            0.057855,            0.065322,            0.013135,             0.83734,             0.76823,             0.80951,             0.46005,            0.054404,            0.065959,            0.012302,            0.004258,            0.004258,            0.004258
                  60,            0.057565,            0.065469,            0.013027,             0.84207,             0.76896,             0.81379,             0.46288,            0.054303,            0.065828,            0.012254,            0.004159,            0.004159,            0.004159
                  60,            0.057806,            0.065634,            0.013148,             0.83941,             0.76594,             0.81007,             0.46077,            0.054376,            0.065914,             0.01229,            0.004159,            0.004159,            0.004159
                  61,             0.05758,            0.065948,            0.013014,             0.84035,             0.76967,             0.81432,             0.46373,             0.05428,            0.065779,            0.012248,             0.00406,             0.00406,             0.00406
                  61,            0.057805,            0.066105,            0.013164,             0.84203,             0.76579,              0.8107,             0.46133,            0.054347,            0.065886,             0.01228,             0.00406,             0.00406,             0.00406
                  62,            0.057646,            0.065777,            0.012977,             0.83972,             0.77074,             0.81447,             0.46419,            0.054257,            0.065756,             0.01224,            0.003961,            0.003961,            0.003961
                  62,            0.057574,              0.0653,            0.013063,             0.84387,             0.76861,             0.81215,             0.46189,            0.054318,            0.065859,            0.012273,            0.003961,            0.003961,            0.003961
                  63,             0.05766,            0.065704,             0.01303,              0.8396,               0.772,             0.81497,             0.46467,            0.054235,            0.065705,            0.012233,            0.003862,            0.003862,            0.003862
                  63,            0.057589,            0.065429,             0.01303,             0.84286,             0.76803,             0.81259,             0.46273,            0.054289,            0.065824,            0.012265,            0.003862,            0.003862,            0.003862
                  64,            0.057361,            0.065674,             0.01293,             0.84055,             0.77174,             0.81483,             0.46516,            0.054216,            0.065678,            0.012224,            0.003763,            0.003763,            0.003763
                  64,            0.057554,            0.066074,            0.013026,             0.84261,             0.76995,             0.81368,             0.46323,            0.054266,            0.065792,            0.012258,            0.003763,            0.003763,            0.003763
                  65,            0.057272,            0.064953,            0.012893,              0.8418,              0.7727,             0.81568,             0.46546,            0.054201,             0.06566,            0.012219,            0.003664,            0.003664,            0.003664
                  65,            0.057549,            0.065192,            0.013031,             0.84233,             0.76909,             0.81315,             0.46336,            0.054248,            0.065767,            0.012256,            0.003664,            0.003664,            0.003664
                  66,            0.057168,            0.065179,            0.012875,             0.84177,              0.7723,             0.81561,             0.46591,            0.054177,            0.065641,            0.012212,            0.003565,            0.003565,            0.003565
                  66,            0.057353,            0.065326,            0.012887,              0.8423,             0.76823,             0.81258,             0.46386,             0.05423,            0.065768,            0.012253,            0.003565,            0.003565,            0.003565
                  67,            0.057161,            0.065372,            0.012845,             0.84254,             0.77272,             0.81627,             0.46572,            0.054159,            0.065623,            0.012206,            0.003466,            0.003466,            0.003466
                  67,            0.057252,            0.065393,            0.012896,             0.84257,             0.76941,             0.81336,             0.46447,            0.054212,            0.065766,            0.012246,            0.003466,            0.003466,            0.003466
                  68,            0.057169,             0.06518,             0.01287,             0.84292,             0.77263,             0.81665,             0.46631,             0.05414,            0.065578,            0.012201,            0.003367,            0.003367,            0.003367
                  68,            0.057188,            0.065509,            0.012899,             0.84313,             0.77081,             0.81372,             0.46497,            0.054192,            0.065742,            0.012241,            0.003367,            0.003367,            0.003367
                  69,            0.056893,            0.065116,            0.012741,             0.84202,             0.77309,             0.81703,             0.46631,            0.054123,            0.065548,            0.012197,            0.003268,            0.003268,            0.003268
                  69,            0.056926,            0.064439,            0.012806,             0.84441,             0.77051,             0.81422,             0.46515,            0.054174,             0.06572,            0.012236,            0.003268,            0.003268,            0.003268
                  70,            0.056839,            0.064623,            0.012794,             0.84466,             0.77038,             0.81728,             0.46681,            0.054106,            0.065517,            0.012194,            0.003169,            0.003169,            0.003169
                  70,             0.05705,            0.064777,            0.012811,             0.84514,             0.77024,             0.81449,             0.46594,            0.054159,            0.065692,            0.012233,            0.003169,            0.003169,            0.003169
                  71,            0.056938,              0.0643,            0.012756,             0.84369,             0.77129,              0.8176,             0.46669,            0.054088,            0.065492,             0.01219,             0.00307,             0.00307,             0.00307
                  71,            0.057062,            0.064579,            0.012849,             0.84557,             0.77003,             0.81509,             0.46628,            0.054141,             0.06567,            0.012229,             0.00307,             0.00307,             0.00307
                  72,            0.056656,            0.065091,            0.012732,             0.84465,             0.77178,              0.8171,             0.46704,            0.054075,            0.065483,            0.012188,            0.002971,            0.002971,            0.002971
                  72,            0.056849,            0.064046,            0.012748,             0.84576,             0.77104,             0.81531,             0.46653,            0.054123,            0.065651,            0.012224,            0.002971,            0.002971,            0.002971
                  73,            0.056769,            0.064805,            0.012754,             0.84516,              0.7719,             0.81737,             0.46722,            0.054061,            0.065473,            0.012187,            0.002872,            0.002872,            0.002872
                  73,            0.056733,            0.064053,            0.012751,             0.84592,             0.77191,             0.81563,             0.46701,            0.054108,            0.065624,            0.012221,            0.002872,            0.002872,            0.002872
                  74,            0.056455,             0.06364,            0.012645,              0.8446,              0.7722,             0.81776,              0.4674,            0.054046,            0.065459,            0.012184,            0.002773,            0.002773,            0.002773
                  74,            0.056586,            0.064476,            0.012683,             0.84533,             0.77251,             0.81597,             0.46743,            0.054095,            0.065617,            0.012217,            0.002773,            0.002773,            0.002773
                  75,            0.056488,            0.063723,            0.012659,             0.84441,             0.77296,             0.81824,             0.46783,             0.05403,            0.065435,             0.01218,            0.002674,            0.002674,            0.002674
                  75,            0.056567,            0.064289,             0.01268,             0.84584,             0.77288,             0.81647,              0.4679,            0.054081,            0.065603,            0.012213,            0.002674,            0.002674,            0.002674
                  76,            0.056437,             0.06377,            0.012595,             0.84577,             0.77179,             0.81785,             0.46779,            0.054018,            0.065412,            0.012177,            0.002575,            0.002575,            0.002575
                  76,             0.05651,            0.064096,            0.012691,             0.84651,              0.7735,             0.81713,             0.46782,            0.054068,            0.065579,             0.01221,            0.002575,            0.002575,            0.002575
                  77,            0.056244,             0.06378,            0.012547,             0.84508,             0.77184,             0.81813,             0.46842,            0.054007,            0.065409,            0.012173,            0.002476,            0.002476,            0.002476
                  77,             0.05645,            0.063732,            0.012651,             0.84627,             0.77422,             0.81745,             0.46837,            0.054058,            0.065575,            0.012206,            0.002476,            0.002476,            0.002476
                  78,            0.056212,            0.063455,            0.012576,             0.84588,             0.77162,             0.81835,             0.46851,            0.053995,            0.065382,             0.01217,            0.002377,            0.002377,            0.002377
                  78,            0.056383,            0.064104,            0.012596,             0.84674,             0.77398,             0.81774,             0.46834,            0.054047,             0.06554,            0.012203,            0.002377,            0.002377,            0.002377
                  79,              0.0562,             0.06325,             0.01251,              0.8459,             0.77131,             0.81855,             0.46848,            0.053983,            0.065368,            0.012167,            0.002278,            0.002278,            0.002278
                  79,            0.056155,            0.063423,            0.012555,             0.84597,             0.77396,             0.81783,             0.46829,            0.054037,            0.065547,              0.0122,            0.002278,            0.002278,            0.002278
                  80,             0.05602,            0.063997,            0.012513,             0.84602,             0.77051,             0.81834,             0.46867,            0.053971,             0.06537,            0.012164,            0.002179,            0.002179,            0.002179
                  80,            0.056125,            0.063783,             0.01251,             0.84464,             0.77525,             0.81811,             0.46865,            0.054028,            0.065532,            0.012197,            0.002179,            0.002179,            0.002179
                  81,            0.055976,            0.063246,            0.012487,             0.84762,             0.77031,              0.8191,             0.46886,             0.05396,            0.065353,            0.012161,             0.00208,             0.00208,             0.00208
                  81,            0.056215,            0.063687,            0.012513,             0.84874,             0.77165,             0.81798,             0.46889,            0.054019,            0.065521,            0.012194,             0.00208,             0.00208,             0.00208
                  82,            0.055997,            0.063109,            0.012521,             0.84816,              0.7707,             0.81925,             0.46935,            0.053948,             0.06533,            0.012158,            0.001981,            0.001981,            0.001981
                  82,            0.056234,            0.063549,            0.012552,             0.85112,             0.77086,             0.81864,             0.46959,            0.054009,            0.065491,            0.012191,            0.001981,            0.001981,            0.001981
                  83,            0.055866,            0.063279,            0.012446,             0.84901,             0.77038,             0.81987,             0.46983,            0.053937,            0.065317,            0.012156,            0.001882,            0.001882,            0.001882
                  83,              0.0559,            0.063483,            0.012446,             0.84986,              0.7707,             0.81813,             0.46967,               0.054,            0.065482,            0.012188,            0.001882,            0.001882,            0.001882
                  84,            0.055748,            0.062887,            0.012407,             0.84774,              0.7729,             0.82077,             0.47011,            0.053927,            0.065294,            0.012153,            0.001783,            0.001783,            0.001783
                  84,            0.055808,            0.062751,            0.012403,             0.84868,             0.77179,             0.81832,             0.46995,            0.053989,            0.065471,            0.012185,            0.001783,            0.001783,            0.001783
                  85,             0.05558,            0.062673,            0.012387,             0.84704,             0.77306,             0.82059,             0.47035,            0.053917,             0.06528,            0.012151,            0.001684,            0.001684,            0.001684
                  85,            0.055713,            0.062986,            0.012388,             0.84892,               0.773,             0.81869,             0.47007,            0.053979,            0.065454,            0.012181,            0.001684,            0.001684,            0.001684
                  86,            0.055703,            0.062658,            0.012403,             0.84684,             0.77352,             0.82092,             0.47071,            0.053905,            0.065275,            0.012148,            0.001585,            0.001585,            0.001585
                  86,            0.055707,            0.063176,             0.01237,             0.84911,             0.77275,             0.81888,             0.47038,            0.053968,            0.065436,            0.012177,            0.001585,            0.001585,            0.001585
                  87,            0.055466,             0.06171,            0.012313,             0.84661,             0.77362,             0.82102,             0.47117,            0.053895,            0.065257,            0.012145,            0.001486,            0.001486,            0.001486
                  87,            0.055726,            0.062942,            0.012397,             0.84938,             0.77251,             0.81888,             0.47071,            0.053958,             0.06543,            0.012173,            0.001486,            0.001486,            0.001486
                  88,            0.055448,            0.061893,            0.012323,             0.84705,             0.77381,             0.82121,             0.47124,            0.053883,            0.065252,            0.012142,            0.001387,            0.001387,            0.001387
                  88,            0.055425,            0.062887,            0.012247,             0.84998,             0.77274,             0.81904,             0.47067,            0.053949,            0.065415,            0.012169,            0.001387,            0.001387,            0.001387
                  89,            0.055321,            0.061889,            0.012338,             0.84692,             0.77442,             0.82119,             0.47139,            0.053873,            0.065236,            0.012139,            0.001288,            0.001288,            0.001288
                  89,            0.055358,             0.06237,            0.012305,             0.85049,             0.77241,             0.81885,             0.47119,            0.053938,            0.065398,            0.012165,            0.001288,            0.001288,            0.001288
                  90,            0.055355,            0.062261,            0.012316,             0.84499,             0.77435,             0.82109,             0.47176,            0.053865,            0.065236,            0.012136,            0.001189,            0.001189,            0.001189
                  90,            0.055421,            0.062014,            0.012265,             0.85222,             0.77104,             0.81903,             0.47111,            0.053928,            0.065392,            0.012162,            0.001189,            0.001189,            0.001189
                  91,            0.055059,            0.061694,            0.012214,             0.84664,             0.77451,             0.82144,             0.47198,            0.053855,             0.06522,            0.012133,             0.00109,             0.00109,             0.00109
                  91,            0.055169,            0.062752,            0.012256,             0.85129,             0.77241,              0.8195,             0.47154,            0.053917,            0.065373,            0.012159,             0.00109,             0.00109,             0.00109
                  92,            0.055013,            0.060994,            0.012219,             0.84719,             0.77414,             0.82115,             0.47217,            0.053846,            0.065208,            0.012131,            0.000991,            0.000991,            0.000991
                  92,            0.055261,            0.062451,            0.012275,             0.85089,             0.77261,             0.81966,             0.47174,            0.053908,            0.065373,            0.012156,            0.000991,            0.000991,            0.000991
                  93,             0.05503,            0.061702,            0.012179,             0.84803,             0.77433,             0.82164,             0.47237,            0.053837,            0.065202,            0.012128,            0.000892,            0.000892,            0.000892
                  93,            0.054943,             0.06134,            0.012166,             0.85289,             0.77273,             0.82005,             0.47191,            0.053899,            0.065355,            0.012153,            0.000892,            0.000892,            0.000892
                  94,            0.054871,            0.061202,            0.012179,              0.8478,             0.77475,             0.82234,             0.47293,            0.053829,            0.065191,            0.012126,            0.000793,            0.000793,            0.000793
                  94,            0.054988,            0.061396,            0.012187,             0.85242,             0.77315,             0.82023,             0.47216,             0.05389,            0.065331,            0.012149,            0.000793,            0.000793,            0.000793
                  95,            0.054823,            0.061316,            0.012151,             0.84847,             0.77535,             0.82275,              0.4732,            0.053821,            0.065187,            0.012124,            0.000694,            0.000694,            0.000694
                  95,            0.054906,            0.061364,             0.01211,             0.85273,             0.77374,             0.82013,             0.47275,            0.053882,            0.065322,            0.012146,            0.000694,            0.000694,            0.000694
                  96,            0.054774,            0.061188,            0.012096,              0.8481,             0.77517,             0.82272,             0.47317,            0.053814,            0.065176,            0.012122,            0.000595,            0.000595,            0.000595
                  96,            0.054726,            0.061421,            0.012081,              0.8519,             0.77417,             0.82002,             0.47281,            0.053872,            0.065324,            0.012143,            0.000595,            0.000595,            0.000595
                  97,            0.054653,            0.060308,            0.012056,             0.84873,             0.77516,             0.82302,             0.47337,            0.053807,            0.065166,             0.01212,            0.000496,            0.000496,            0.000496
                  97,            0.054707,            0.061083,              0.0121,             0.85163,             0.77412,             0.82063,             0.47329,            0.053864,            0.065313,            0.012141,            0.000496,            0.000496,            0.000496
                  98,              0.0545,            0.060886,             0.01206,             0.84832,             0.77547,             0.82282,             0.47349,            0.053799,            0.065149,            0.012118,            0.000397,            0.000397,            0.000397
                  98,            0.054691,            0.060919,            0.012065,             0.85124,             0.77362,             0.82037,             0.47372,            0.053856,            0.065311,            0.012138,            0.000397,            0.000397,            0.000397
                  99,            0.054577,            0.061168,            0.012054,             0.84819,             0.77592,             0.82291,             0.47378,            0.053792,            0.065158,            0.012116,            0.000298,            0.000298,            0.000298
                  99,            0.054528,            0.061619,            0.012055,             0.85158,             0.77375,             0.82089,              0.4739,            0.053848,            0.065298,            0.012135,            0.000298,            0.000298,            0.000298
